id,quarter,segment,wants,max_price
2,1,B,D,3
1,1,B,C,2
5,1,E,AD,4
4,1,M,AD,3
6,1,C,BC,4
3,1,M,AC,5
7,1,C,AC,4
14,2,E,CD,5
11,2,M,BC,4
9,2,B,B,2
15,2,C,BD,4
8,2,B,B,3
13,2,M,BC,3
10,2,B,D,3
12,2,M,BC,5
16,2,C,AC,4
20,3,B,C,3
28,3,C,BC,4
18,3,B,A,3
22,3,M,CD,3
24,3,M,AB,5
19,3,B,C,2
26,3,E,AC,5
25,3,E,AC,4
17,3,B,C,2
27,3,C,CD,4
23,3,M,AC,4
21,3,M,BC,5
39,4,E,AB,4
31,4,B,A,2
34,4,M,AB,3
38,4,M,BD,4
36,4,M,BC,5
33,4,B,D,2
41,4,C,CD,4
42,4,C,CD,4
35,4,M,AB,4
30,4,B,B,3
43,4,C,CD,4
37,4,M,AD,3
32,4,B,C,3
40,4,E,AC,5
29,4,B,D,2
50,5,M,BD,4
57,5,C,AB,4
48,5,B,A,3
51,5,M,AD,5
47,5,B,B,2
52,5,M,BD,3
46,5,B,A,3
59,5,C,AB,4
44,5,B,D,3
58,5,C,BD,4
55,5,E,AD,4
49,5,M,AD,3
54,5,E,BD,5
53,5,M,CD,4
56,5,E,AB,5
45,5,B,B,2
71,6,E,AC,4
60,6,B,B,3
67,6,M,AD,3
62,6,B,A,3
70,6,M,AD,3
65,6,M,BD,4
75,6,C,AB,4
66,6,M,CD,5
76,6,C,BD,4
69,6,M,BC,5
68,6,M,AB,4
64,6,B,C,3
74,6,C,AC,4
73,6,E,AD,4
61,6,B,D,2
63,6,B,A,2
72,6,E,BC,5
